{
    "model": "ResNet50-Transfer-Learning",
    "timestamp": "20260316_083810",
    "hyperparameters": {
        "num_epochs": 30,
        "learning_rate": 0.001,
        "batch_size": 32,
        "num_classes": 5,
        "hidden_units": 512,
        "dropout_rate": 0.5,
        "weight_decay": 0.0001,
        "lr_scheduler_step": 10,
        "lr_scheduler_gamma": 0.5
    },
    "epoch_losses": [
        0.196795327209291,
        0.13120822466356413,
        0.11728783069678715,
        0.11701426705065228,
        0.10807635996370088,
        0.10546202768498943,
        0.10393068245195207,
        0.10072956224992162,
        0.0987735816651157,
        0.10235564617968741,
        0.07384153389114709,
        0.07368298234471253,
        0.07002803806194237,
        0.07011487459582942,
        0.07219341874278727,
        0.06691547349194686,
        0.06954183626302651,
        0.07237542225182766,
        0.06879329088415419,
        0.06779259299836343,
        0.05824834007805302,
        0.05466483876442625,
        0.05367587783169888,
        0.05318878050670028,
        0.05294294454944985,
        0.04955243803508402,
        0.05082822914549283,
        0.050577019329830296,
        0.05196379534449606,
        0.05218196171412156
    ],
    "val_accuracies": [
        97.02222222222223,
        98.55111111111111,
        98.70222222222222,
        98.48,
        98.36444444444444,
        98.81777777777778,
        98.7911111111111,
        98.86222222222223,
        98.67555555555556,
        98.82666666666667,
        98.90666666666667,
        99.06666666666666,
        99.16444444444444,
        99.21777777777778,
        99.27111111111111,
        99.18222222222222,
        99.17333333333333,
        99.18222222222222,
        99.17333333333333,
        98.2311111111111,
        99.23555555555555,
        99.27111111111111,
        99.30666666666667,
        99.34222222222222,
        99.40444444444445,
        99.02222222222223,
        99.23555555555555,
        99.27111111111111,
        99.31555555555556,
        99.43111111111111
    ],
    "best_val_accuracy": 99.43111111111111,
    "best_epoch": 30,
    "total_trainable_params": 1051653,
    "total_params": 25557032
}