{
    "model": "MobileNetV2-Transfer-Learning",
    "timestamp": "20260317_162758",
    "seed": 42,
    "hyperparameters": {
        "num_epochs": 30,
        "learning_rate": 0.001,
        "batch_size": 32,
        "num_classes": 5,
        "hidden_units": 512,
        "dropout_rate": 0.5,
        "weight_decay": 0.0001,
        "lr_scheduler_step": 10,
        "lr_scheduler_gamma": 0.5
    },
    "epoch_losses": [
        0.1500727747725589,
        0.11466688917818524,
        0.1030680138761089,
        0.10426962532578479,
        0.09941133914185422,
        0.09594292521448362,
        0.09612601652124099,
        0.09410107797611328,
        0.09186835587890375,
        0.0923352353460732,
        0.07816636219837127,
        0.07478478683109084,
        0.07587508130087739,
        0.07068562074096076,
        0.06940304235826646,
        0.07570622615636814,
        0.0728176942546098,
        0.0680456259864693,
        0.06764848336556128,
        0.06508902040351004,
        0.06190380303036599,
        0.06006312603677313,
        0.06328358951182593,
        0.05910843610524067,
        0.06039799779256185,
        0.05842092407786598,
        0.06188673877347083,
        0.05749430050505769,
        0.05907022379713044,
        0.056177085422014904
    ],
    "val_accuracies": [
        98.03555555555556,
        98.63111111111111,
        99.16444444444444,
        99.12,
        99.01333333333334,
        99.05777777777777,
        99.2088888888889,
        99.23555555555555,
        99.05777777777777,
        99.23555555555555,
        99.28888888888889,
        99.36888888888889,
        99.31555555555556,
        99.40444444444445,
        99.23555555555555,
        99.47555555555556,
        99.21777777777778,
        99.35111111111111,
        99.37777777777778,
        99.33333333333333,
        99.39555555555556,
        99.38666666666667,
        99.45777777777778,
        99.48444444444445,
        99.37777777777778,
        99.40444444444445,
        99.54666666666667,
        99.45777777777778,
        99.53777777777778,
        99.47555555555556
    ],
    "best_val_accuracy": 99.54666666666667,
    "best_epoch": 27,
    "total_trainable_params": 658437,
    "total_params": 3504872
}